<?xml version="1.0" encoding="UTF-8"?>

<!--
  ~ Copyright (C) 2005 - 2019 TIBCO Software Inc. All rights reserved.
  ~ http://www.jaspersoft.com.
  ~
  ~ Unless you have purchased a commercial license agreement from Jaspersoft,
  ~ the following license terms apply:
  ~
  ~ This program is free software: you can redistribute it and/or modify
  ~ it under the terms of the GNU Affero General Public License as
  ~ published by the Free Software Foundation, either version 3 of the
  ~ License, or (at your option) any later version.
  ~
  ~ This program is distributed in the hope that it will be useful,
  ~ but WITHOUT ANY WARRANTY; without even the implied warranty of
  ~ MERCHANTABILITY or FITNESS FOR A PARTICULAR PURPOSE. See the
  ~ GNU Affero General Public License for more details.
  ~
  ~ You should have received a copy of the GNU Affero General Public License
  ~ along with this program. If not, see <http://www.gnu.org/licenses/>.
  -->

<ehcache
        xmlns:xsi="http://www.w3.org/2001/XMLSchema-instance"
        xsi:noNamespaceSchemaLocation="ehcache.xsd"
        name="jasperserverCache" updateCheck="false">

    <diskStore path="${ehcache.disk.store.dir}/main"/>


    <defaultCache
            maxElementsInMemory="10000"
            eternal="false"
            overflowToDisk="true"
            timeToIdleSeconds="120"
            timeToLiveSeconds="120"
            diskPersistent="false"
            diskExpiryThreadIntervalSeconds="120"/>

    <cache name="report.job.acl"
           maxElementsInMemory="1000"
           eternal="false"
           overflowToDisk="false"
           timeToIdleSeconds="7200"
           timeToLiveSeconds="172800"
           diskPersistent="false"/>

    <cache name="connection.descriptions"
           maxElementsInMemory="10000"
           eternal="false"
           overflowToDisk="false"
           timeToIdleSeconds="120"
           timeToLiveSeconds="1200"
           diskPersistent="false"/>

    <cache name="hibernate_repository_ehcache"
           maxElementsInMemory="500"
           eternal="true"
           overflowToDisk="true"
           maxElementsOnDisk="10000"
           diskPersistent="false"/>

    <cache name="RRSCache"           
           maxElementsInMemory="500"
           eternal="true"
           overflowToDisk="false"           
           diskPersistent="false"
           statistics="true"/>


    <!-- cache used by the object permission service -->
    <cache name="attributeCache"
           maxElementsInMemory="100000"
	   statistics="false"
           eternal="false"
           overflowToDisk="false"
           timeToIdleSeconds="360000"
           timeToLiveSeconds="720000"
           diskPersistent="false"/>

    <cache name="teiidResultsetEhCache"
           maxElementsInMemory="10000"
           eternal="false"
           overflowToDisk="false"
           timeToIdleSeconds="360000"
           timeToLiveSeconds="720000"
           diskPersistent="false"/>

    <cache name="teiidResultsetReplEhCache"
           maxElementsInMemory="10000"
           eternal="false"
           overflowToDisk="false"
           timeToIdleSeconds="360000"
           timeToLiveSeconds="720000"
           diskPersistent="false"/>

    <cache name="teiidPreparedPlanEhCache"
           maxElementsInMemory="10000"
           eternal="false"
           overflowToDisk="false"
           timeToIdleSeconds="360000"
           timeToLiveSeconds="720000"
           diskPersistent="false"/>

    <cache name="systemUserStorageCache"
           maxElementsInMemory="10000"
           eternal="false"
           overflowToDisk="false"
           timeToIdleSeconds="360000"
           timeToLiveSeconds="720000"
           diskPersistent="false"/>

 <!-- =============================================
       cache used by the object permission service
      ============================================= -->

<!-- Below are four configurations:
1. No clustering (default)
2. RMI distribution with autodiscovery based on multicast
   - For this to work IP-Multicasting must be enabled on all nodes
3. JMS distribution based on ActiveMQ JMS server
   - Make sure you have correct IP:PORT for each providerURL property
4. AWS distribution utilizing Amazon SNS/SQS services. Using this option might incurr additional costs as Amazon charges customers per API call.
   - note that this is experimental support and that ActiveMQ JMS option also works for AWS and is a preferred method of distribution.

********************************************************************************
* If you have clustering environment comment or remove default "NO CLUSTERING" *
* segment and uncomment ONE of the options provided                            *
* by removing "START" and "END" lines inside the corresponding block           *
* (RMI, JMS or AWS)                                                            *
********************************************************************************
-->



<!-- ******************************************************************** NO CLUSTERING *************************************************** -->
     <!-- START
<cache name="aclCache"
                maxElementsInMemory="100000"
                statistics="false"
                eternal="true"
                overflowToDisk="false"
                timeToIdleSeconds="36000"
                timeToLiveSeconds="180000"
                diskExpiryThreadIntervalSeconds="120"
                diskPersistent="false"/>
     END -->

<!-- ******************************************************************** END of NO CLUSTERING ******************************************** -->

<!-- ********************************************************************   RMI  ********************************************************** -->
     <!-- START
        <cacheManagerPeerProviderFactory
                class="net.sf.ehcache.distribution.RMICacheManagerPeerProviderFactory"
                properties="peerDiscovery=automatic,multicastGroupAddress=228.0.0.1,multicastGroupPort=4446,timeToLive=32"/>
        <cacheManagerPeerListenerFactory
                class="net.sf.ehcache.distribution.RMICacheManagerPeerListenerFactory"
                properties="port=40001,socketTimeoutMillis=120000"/>

        <cache name="aclCache"
                maxElementsInMemory="100000"
                statistics="false"
                eternal="true"
                overflowToDisk="false"
                timeToIdleSeconds="36000"
                timeToLiveSeconds="180000"
                diskExpiryThreadIntervalSeconds="120"
                diskPersistent="false">

                <cacheEventListenerFactory
                        class="net.sf.ehcache.distribution.RMICacheReplicatorFactory"
                        properties="replicateAsynchronously=true, replicatePuts=true, replicateUpdates=true,replicateUpdatesViaCopy=false, replicateRemovals=true "/>
                <bootstrapCacheLoaderFactory
                        class="net.sf.ehcache.distribution.RMIBootstrapCacheLoaderFactory"
                        properties="bootstrapAsynchronously=true, maximumChunkSizeBytes=5000000"/>
        </cache>

     END -->
<!-- ********************************************  END of  RMI   ************************************************ -->

<!-- ***************************************************   JMS   ************************************************ -->
        <cacheManagerPeerProviderFactory
                class="net.sf.ehcache.distribution.jms.JMSCacheManagerPeerProviderFactory"
                properties="initialContextFactoryName=com.jaspersoft.jasperserver.api.engine.replication.JRSActiveMQInitialContextFactory,
                replicationTopicConnectionFactoryBindingName=topicConnectionFactory,
                replicationTopicBindingName=ehcacheAcl,
                getQueueConnectionFactoryBindingName=queueConnectionFactory,
                getQueueBindingName=ehcacheQueueAcl,
                topicConnectionFactoryBindingName=topicConnectionFactory,
                topicBindingName=ehcacheAcl,providerURL=${jasperserver.cache.jms.provider}"
                propertySeparator=","/>


        <cache name="aclCache"
                maxElementsInMemory="100000"
                statistics="false"
                eternal="true"
                overflowToDisk="true"
                timeToIdleSeconds="360000"
                timeToLiveSeconds="720000"
                diskPersistent="false">

                <cacheEventListenerFactory
                        class="net.sf.ehcache.distribution.jms.JMSCacheReplicatorFactory"
                        properties="replicateAsynchronously=true,
                        replicatePuts=false,
                        replicateUpdates=true,
                        replicateUpdatesViaCopy=false,
                        replicateRemovals=true,
                        asynchronousReplicationIntervalMillis=1000"
                        propertySeparator=","/>

               <cacheLoaderFactory
                        class="net.sf.ehcache.distribution.jms.JMSCacheLoaderFactory"
                        properties="initialContextFactoryName=com.jaspersoft.jasperserver.api.engine.replication.JRSActiveMQInitialContextFactory,
                        replicationTopicConnectionFactoryBindingName=topicConnectionFactory,
                        replicationTopicBindingName=ehcacheAcl,
                        getQueueConnectionFactoryBindingName=queueConnectionFactory,
                        getQueueBindingName=ehcacheQueueAcl,
                        topicConnectionFactoryBindingName=topicConnectionFactory,
                        topicBindingName=ehcacheAcl,providerURL=${jasperserver.cache.jms.provider}"
                        propertySeparator=","/>
        </cache>

<!-- ***************************************************** END of JMS   ****************************************************************************  -->

<!-- **********************************************************   AWS   ****************************************************************************  -->
     <!-- START
        <cacheManagerPeerProviderFactory
                class="com.jaspersoft.jasperserver.api.engine.replication.JRSNevadoCacheManagerPeerProviderFactory"
                properties=""
                propertySeparator="," />

        <cache name="aclCache"
                maxElementsInMemory="100000"
                statistics="false"
                eternal="true"
                overflowToDisk="true"
                timeToIdleSeconds="360000"
                timeToLiveSeconds="720000"
                diskPersistent="false">

                <cacheEventListenerFactory
                        class="net.sf.ehcache.distribution.jms.JMSCacheReplicatorFactory"
                        properties="replicateAsynchronously=true,
                        replicatePuts=false,
                        replicateUpdates=true,
                        replicateUpdatesViaCopy=false,
                        replicateRemovals=true,
                        asynchronousReplicationIntervalMillis=1000"
                        propertySeparator=","/>
        </cache>

     END -->
<!-- ***************************************************** END of AWS   ***************************************************************************** -->


</ehcache>
